Country,Density(P/Km2),Abbreviation,Agricultural Land( %),Land Area(Km2),Armed Forces size,Birth Rate,Calling Code,Capital/Major City,Co2-Emissions,CPI,CPI Change (%),Currency-Code,Fertility_Rate,Forested Area (%),Gasoline Price,GDP,Gross primary education enrollment (%),Gross tertiary education enrollment (%),Infant_Mortality,Largest city,Life expectancy,Maternal mortality ratio,Minimum_Wage,Official language,Out of pocket health expenditure,Physicians per thousand,Population,Population: Labor force participation (%),Tax revenue (%),Total tax rate,Unemployment rate,Urban_population,Latitude,Longitude,IMR_Severity
Afghanistan,60,AF,58.10%,"652,230","323,000",32.49,93,Kabul,"8,672",149.9,2.30%,AFN,4.47,2.10%,$0.70 ,19101353833,104.00%,9.70%,47.9,Kabul,64.5,638,0.43,Pashto,78.40%,0.28,"38,041,754",48.90%,9.30%,71.40%,11.12%,"9,797,273",33.93911,67.709953,Medium
Albania,105,AL,43.10%,"28,748","9,000",11.78,355,Tirana,"4,536",119.05,1.40%,ALL,1.62,28.10%,$1.36 ,15278077447,107.00%,55.00%,7.8,Tirana,78.5,15,1.12,Albanian,56.90%,1.2,"2,854,191",55.70%,18.60%,36.60%,12.33%,"1,747,593",41.153332,20.168331,Low
Algeria,18,DZ,17.40%,"2,381,741","317,000",24.28,213,Algiers,"150,006",151.36,2.00%,DZD,3.02,0.80%,$0.28 ,1.69988E+11,109.90%,51.40%,20.1,Algiers,76.7,112,0.95,Arabic,28.10%,1.72,"43,053,054",41.20%,37.20%,66.10%,11.70%,"31,510,100",28.033886,1.659626,Low
Andorra,164,AD,40.00%,468,,7.2,376,Andorra la Vella,469,,,EUR,1.27,34.00%,$1.51 ,3154057987,106.40%,,2.7,Andorra la Vella,,,6.63,Catalan,36.40%,3.33,"77,142",,,,,"67,873",42.506285,1.521801,Low
Angola,26,AO,47.50%,"1,246,700","117,000",40.73,244,Luanda,"34,693",261.73,17.10%,AOA,5.52,46.30%,$0.97 ,94635415870,113.50%,9.30%,51.6,Luanda,60.8,241,0.71,Portuguese,33.40%,0.21,"31,825,295",77.50%,9.20%,49.10%,6.89%,"21,061,025",-11.202692,17.873887,Medium
Antigua and Barbuda,223,AG,20.50%,443,0,15.33,1,"St. John's, Saint John",557,113.81,1.20%,XCD,1.99,22.30%,$0.99 ,1727759259,105.00%,24.80%,5,"St. John's, Saint John",76.9,42,3.04,English,24.30%,2.76,"97,118",,16.50%,43.00%,,"23,800",17.060816,-61.796428,Low
Argentina,17,AR,54.30%,"2,780,400","105,000",17.02,54,Buenos Aires,"201,348",232.75,53.50%,ARS,2.26,9.80%,$1.10 ,4.49663E+11,109.70%,90.00%,8.8,Buenos Aires,76.5,39,3.35,Spanish,17.60%,3.96,"44,938,712",61.30%,10.10%,106.30%,9.79%,"41,339,571",-38.416097,-63.616672,Low
Armenia,104,AM,58.90%,"29,743","49,000",13.99,374,Yerevan,"5,156",129.18,1.40%,AMD,1.76,11.70%,$0.77 ,13672802158,92.70%,54.60%,11,Yerevan,74.9,26,0.66,Armenian,81.60%,4.4,"2,957,731",55.60%,20.90%,22.60%,16.99%,"1,869,848",40.069099,45.038189,Low
Australia,3,AU,48.20%,"7,741,220","58,000",12.6,61,Canberra,"375,908",119.8,1.60%,AUD,1.74,16.30%,$0.93 ,1.39268E+12,100.30%,113.10%,3.1,Sydney,82.7,6,13.59,None,19.60%,3.68,"25,766,605",65.50%,23.00%,47.40%,5.27%,"21,844,756",-25.274398,133.775136,Low
Azerbaijan,123,AZ,57.70%,"86,600","82,000",14,994,Baku,"37,620",156.32,2.60%,AZN,1.73,14.10%,$0.56 ,39207000000,99.70%,27.70%,19.2,Baku,72.9,26,0.47,Azerbaijani language,78.60%,3.45,"10,023,318",66.50%,13.00%,40.70%,5.51%,"5,616,165",40.143105,47.576927,Low
The Bahamas,39,BS,1.40%,"13,880","1,000",13.97,1,"Nassau, Bahamas","1,786",116.22,2.50%,,1.75,51.40%,$0.92 ,12827000000,81.40%,15.10%,8.3,"Nassau, Bahamas",73.8,70,5.25,English,27.80%,1.94,"389,482",74.60%,14.80%,33.80%,10.36%,"323,784",25.03428,-77.39628,Low
Bangladesh,"1,265",BD,70.60%,"148,460","221,000",18.18,880,Dhaka,"84,246",179.68,5.60%,BDT,2.04,11.00%,$1.12 ,3.02571E+11,116.50%,20.60%,25.1,Dhaka,72.3,173,0.51,Bengali,71.80%,0.58,"167,310,838",59.00%,8.80%,33.40%,4.19%,"60,987,417",23.684994,90.356331,Low
Barbados,668,BB,23.30%,430,"1,000",10.65,1,Bridgetown,"1,276",134.09,4.10%,BBD,1.62,14.70%,$1.81 ,5209000000,99.40%,65.40%,11.3,Bridgetown,79.1,27,3.13,English,45.20%,2.48,"287,025",65.20%,27.50%,35.60%,10.33%,"89,431",13.193887,-59.543198,Low
Belarus,47,BY,42.00%,"207,600","155,000",9.9,375,Minsk,"58,280",,5.60%,BYN,1.45,42.60%,$0.60 ,63080457023,100.50%,87.40%,2.6,Minsk,74.2,2,1.49,Russian,34.50%,5.19,"9,466,856",64.10%,14.70%,53.30%,4.59%,"7,482,982",53.709807,27.953389,Low
Belgium,383,BE,44.60%,"30,528","32,000",10.3,32,City of Brussels,"96,889",117.11,1.40%,EUR,1.62,22.60%,$1.43 ,5.29607E+11,103.90%,79.70%,2.9,Brussels,81.6,5,10.31,French,17.60%,3.07,"11,484,055",53.60%,24.00%,55.40%,5.59%,"11,259,082",50.503887,4.469936,High
Belize,17,BZ,7.00%,"22,966","2,000",20.79,501,Belmopan,568,105.68,-0.90%,BZD,2.31,59.70%,$1.13 ,1879613600,111.70%,24.70%,11.2,Belize City,74.5,36,1.65,English,22.70%,1.12,"390,353",65.10%,26.30%,31.10%,6.41%,"179,039",17.189877,-88.49765,Low
Benin,108,BJ,33.30%,"112,622","12,000",36.22,229,Porto-Novo,"6,476",110.71,-0.90%,XOF,4.84,37.80%,$0.72 ,14390709095,122.00%,12.30%,60.5,Cotonou,61.5,397,0.39,French,40.50%,0.08,"11,801,151",70.90%,10.80%,48.90%,2.23%,"5,648,149",9.30769,2.315834,Low
Bhutan,20,BT,13.60%,"38,394","6,000",17.26,975,Thimphu,"1,261",167.18,2.70%,,1.98,72.50%,$0.98 ,2446674101,100.10%,15.60%,24.8,Thimphu,71.5,183,0.32,Dzongkha,19.80%,0.42,"727,145",66.70%,16.00%,35.30%,2.34%,"317,538",27.514162,90.433601,Low
Bolivia,11,BO,34.80%,"1,098,581","71,000",21.75,591,Sucre,"21,606",148.32,1.80%,BOB,2.73,50.30%,$0.71 ,40895322865,98.20%,,21.8,Santa Cruz de la Sierra,71.2,155,1.36,Spanish,25.90%,1.59,"11,513,100",71.80%,17.00%,83.70%,3.50%,"8,033,035",-16.290154,-63.588653,Medium
Bosnia and Herzegovina,64,BA,43.10%,"51,197","11,000",8.11,387,Sarajevo,"21,848",104.9,0.60%,BAM,1.27,42.70%,$1.05 ,20047848435,,23.30%,5,Tuzla Canton,77.3,10,1.04,Bosnian,28.60%,2.16,"3,301,000",46.40%,20.40%,23.70%,18.42%,"1,605,144",43.915886,17.679076,Low
Botswana,4,BW,45.60%,"581,730","9,000",24.82,267,Gaborone,"6,340",149.75,2.80%,BWP,2.87,18.90%,$0.71 ,18340510789,103.20%,24.90%,30,Gaborone,69.3,144,0.29,English,5.30%,0.37,"2,346,179",70.80%,19.50%,25.10%,18.19%,"1,616,550",-22.328474,24.684866,Low
Brazil,25,BR,33.90%,"8,515,770","730,000",13.92,55,Brasï¿½ï¿½ï¿½,"462,299",167.4,3.70%,BRL,1.73,58.90%,$1.02 ,1.83976E+12,115.40%,51.30%,12.8,Sï¿½ï¿½ï¿½ï¿½,75.7,60,1.53,Portuguese,28.30%,2.15,"212,559,417",63.90%,14.20%,65.10%,12.08%,"183,241,641",-14.235004,-51.92528,Medium
Bulgaria,64,BG,46.30%,"110,879","31,000",8.9,359,Sofia,"41,708",114.42,3.10%,BGN,1.56,35.40%,$1.11 ,86000000000,89.30%,71.00%,5.9,Sofia,74.9,10,1.57,Bulgarian,47.70%,4.03,"6,975,761",55.40%,20.20%,28.30%,4.34%,"5,256,027",42.733883,25.48583,Low
Burkina Faso,76,BF,44.20%,"274,200","11,000",37.93,226,Ouagadougou,"3,418",106.58,-3.20%,XOF,5.19,19.30%,$0.98 ,15745810235,96.10%,6.50%,49,Ouagadougou,61.2,320,0.34,French,36.10%,0.08,"20,321,378",66.40%,15.00%,41.30%,6.26%,"6,092,349",12.238333,-1.561593,Medium
Ivory Coast,83,CI,64.80%,"322,463","27,000",35.74,225,Yamoussoukro,"9,674",111.61,-0.90%,XOF,4.65,32.70%,$0.93 ,58792205642,99.80%,9.30%,59.4,Abidjan,57.4,617,0.36,French,36.00%,0.23,"25,716,544",57.00%,11.80%,50.10%,3.32%,"13,176,900",7.539989,-5.54708,High
Cape Verde,138,CV,19.60%,"4,033","1,000",19.49,238,Praia,543,110.5,1.10%,CVE,2.27,22.50%,$1.02 ,1981845741,104.00%,23.60%,16.7,Praia,72.8,58,0.68,Portuguese,23.20%,0.77,"483,628",60.50%,20.10%,37.50%,12.25%,"364,029",16.5388,-23.0418,High
Cameroon,56,CM,20.60%,"475,440","24,000",35.39,237,Yaoundï¿½,"8,291",118.65,2.50%,XAF,4.57,39.30%,$1.03 ,38760467033,103.40%,12.80%,50.6,Douala,58.9,529,0.35,French,69.70%,0.09,"25,876,380",76.10%,12.80%,57.70%,3.38%,"14,741,256",7.369722,12.354722,Low
Canada,4,CA,6.90%,"9,984,670","72,000",10.1,1,Ottawa,"544,894",116.76,1.90%,CAD,1.5,38.20%,$0.81 ,1.73643E+12,100.90%,68.90%,4.3,Toronto,81.9,10,9.51,French,14.60%,2.61,"36,991,981",65.10%,12.80%,24.50%,5.56%,"30,628,482",56.130366,-106.346771,Low
Central African Republic,8,CF,8.20%,"622,984","8,000",35.35,236,Bangui,297,186.86,37.10%,,4.72,35.60%,$1.41 ,2220307369,102.00%,3.00%,84.5,Bangui,52.8,829,0.37,French,39.60%,0.06,"4,745,185",72.00%,8.60%,73.30%,3.68%,"1,982,064",6.611111,20.939444,Medium
Chad,13,TD,39.70%,"1,284,000","35,000",42.17,235,N'Djamena,"1,016",117.7,-1.00%,XAF,5.75,3.80%,$0.78 ,11314951343,86.80%,3.30%,71.4,N'Djamena,54,1140,0.6,French,56.40%,0.04,"15,946,876",70.70%,,63.50%,1.89%,"3,712,273",15.454166,18.732207,Medium
Chile,26,CL,21.20%,"756,096","122,000",12.43,56,Santiago,"85,822",131.91,2.60%,CLP,1.65,24.30%,$1.03 ,2.82318E+11,101.40%,88.50%,6.2,Santiago,80,13,2,Spanish,32.20%,2.59,"18,952,038",62.60%,18.20%,34.00%,7.09%,"16,610,135",-35.675147,-71.542969,Low
China,153,CN,56.20%,"9,596,960","2,695,000",10.9,86,Beijing,"9,893,038",125.08,2.90%,CNY,1.69,22.40%,$0.96 ,1.991E+13,100.20%,50.60%,7.4,Shanghai,77,29,0.87,Standard Chinese,32.40%,1.98,"1,397,715,000",68.00%,9.40%,59.20%,4.32%,"842,933,962",35.86166,104.195397,Low
Colombia,46,CO,40.30%,"1,138,910","481,000",14.88,57,Bogotï¿½,"97,814",140.95,3.50%,COP,1.81,52.70%,$0.68 ,3.23803E+11,114.50%,55.30%,12.2,Bogotï¿½,77.1,83,1.23,Spanish,18.30%,2.18,"50,339,443",68.80%,14.40%,71.20%,9.71%,"40,827,302",4.570868,-74.297333,Low
Comoros,467,KM,71.50%,"2,235",,31.88,269,"Moroni, Comoros",202,103.62,-4.30%,KMF,4.21,19.70%,,1185728677,99.50%,9.00%,51.3,"Moroni, Comoros",64.1,273,0.71,French,74.80%,0.27,"850,886",43.30%,,219.60%,4.34%,"248,152",-11.6455,43.3333,Low
Republic of the Congo,16,,31.10%,"342,000","12,000",32.86,242,Brazzaville,"3,282",124.74,2.20%,XAF,4.43,65.40%,$0.97 ,10820591131,106.60%,12.70%,36.2,Brazzaville,64.3,378,0.88,French,43.80%,0.12,"5,380,508",69.40%,9.00%,54.30%,9.47%,"3,625,010",-0.228021,15.827659,High
Costa Rica,100,CR,34.50%,"51,100","10,000",13.97,506,San Josï¿½ï¿½ï¿½ï¿½ï¿½ï¿½,"8,023",128.85,2.10%,CRC,1.75,54.60%,$0.98 ,61773944174,113.30%,55.20%,7.6,San Josï¿½ï¿½ï¿½ï¿½ï¿½ï¿½,80.1,27,1.84,Spanish,21.50%,2.89,"5,047,561",62.10%,13.60%,58.30%,11.85%,"4,041,885",9.748917,-83.753428,Medium
Croatia,73,HR,27.60%,"56,594","18,000",9,385,Zagreb,"17,488",109.82,0.80%,HRK,1.47,34.40%,$1.26 ,60415553039,96.50%,67.90%,4,Zagreb,78.1,8,2.92,Croatian,15.20%,3,"4,067,500",51.20%,22.00%,20.50%,6.93%,"2,328,318",45.1,15.2,Low
Cuba,106,CU,59.90%,"110,860","76,000",10.17,53,Havana,"28,284",,,CUP,1.62,31.30%,$1.40 ,1.00023E+11,101.90%,41.40%,3.7,Havana,78.7,36,0.05,Spanish,,8.42,"11,333,483",53.60%,,,1.64%,"8,739,135",21.521757,-77.781167,Low
Czech Republic,139,CZ,45.20%,"78,867","23,000",10.7,420,Prague,"102,218",116.48,2.80%,CZK,1.69,34.60%,$1.17 ,2.46489E+11,100.70%,64.10%,2.7,Prague,79,3,3,Czech,14.80%,4.12,"10,669,709",60.60%,14.90%,46.10%,1.93%,"7,887,156",49.817492,15.472962,High
Democratic Republic of the Congo,40,CD,11.60%,"2,344,858","134,000",41.18,243,Kinshasa,"2,021",133.85,2.90%,CDF,5.92,67.20%,$1.49 ,47319624204,108.00%,6.60%,68.2,Kinshasa,60.4,473,0.18,French,37.40%,0.07,"86,790,567",63.50%,10.70%,50.70%,4.24%,"39,095,679",-4.038333,21.758664,Low
Dominica,96,DM,33.30%,751,,12,1,Roseau,180,103.87,1.00%,XCD,1.9,57.40%,,596033333,114.70%,7.20%,32.9,Roseau,76.6,,1.48,English,28.40%,1.08,"71,808",,22.10%,32.60%,,"50,830",15.414999,-61.370976,Medium
Dominican Republic,225,DO,48.70%,"48,670","71,000",19.51,1,Santo Domingo,"25,258",135.5,1.80%,DOP,2.35,41.70%,$1.07 ,88941298258,105.70%,59.90%,24.1,Santo Domingo,73.9,95,0.4,Spanish,43.70%,1.56,"10,738,958",64.30%,13.00%,48.80%,5.84%,"8,787,475",18.735693,-70.162651,Medium
Ecuador,71,EC,22.20%,"283,561","41,000",19.72,593,Quito,"41,155",124.14,0.30%,USD,2.43,50.20%,$0.61 ,1.07436E+11,103.30%,44.90%,12.2,Quito,76.8,59,2.46,Spanish,43.70%,2.04,"17,373,662",68.00%,,34.40%,3.97%,"11,116,711",-1.831239,-78.183406,Low
El Salvador,313,SV,76.40%,"21,041","42,000",18.25,503,San Salvador,"7,169",111.23,0.10%,,2.04,12.60%,$0.83 ,27022640000,94.80%,29.40%,11.8,San Salvador,73.1,46,0.5,Spanish,27.90%,1.57,"6,453,553",59.10%,18.10%,36.40%,4.11%,"4,694,702",13.794185,-88.89653,Medium
Equatorial Guinea,50,GQ,10.10%,"28,051","1,000",33.24,240,Malabo,"5,655",124.35,1.20%,XAF,4.51,55.50%,,11026774945,61.80%,1.90%,62.6,Malabo,58.4,301,1.05,Spanish,72.00%,0.4,"1,355,986",62.00%,6.10%,79.40%,6.43%,"984,812",1.650801,10.267895,Low
Estonia,31,EE,23.10%,"45,228","6,000",10.9,372,Tallinn,"16,590",122.14,2.30%,EUR,1.59,51.30%,$1.14 ,31386949981,97.20%,69.60%,2.1,Tallinn,78.2,9,3.14,Estonian,22.80%,4.48,"1,331,824",63.60%,20.90%,47.80%,5.11%,"916,024",58.595272,25.013607,Medium
Fiji,49,FJ,23.30%,"18,274","4,000",21.28,679,Suva,"2,046",132.3,1.80%,FJD,2.77,55.90%,$0.82 ,5535548972,106.40%,16.10%,21.6,Suva,67.3,34,1.28,Fiji Hindi,21.40%,0.84,"889,953",57.60%,24.20%,32.10%,4.10%,"505,048",-17.713371,178.065032,Low
France,119,FR,52.40%,"643,801","307,000",11.3,33,Paris,"303,276",110.05,1.10%,EUR,1.88,31.20%,$1.39 ,2.71552E+12,102.50%,65.60%,3.4,Paris,82.5,8,11.16,French,6.80%,3.27,"67,059,887",55.10%,24.20%,60.70%,8.43%,"54,123,364",46.227638,2.213749,Low
Gabon,9,GA,20.00%,"267,667","7,000",31.61,241,Libreville,"5,321",122.19,2.10%,XAF,3.97,90.00%,$0.92 ,16657960228,139.90%,8.30%,32.7,Libreville,66.2,252,1.46,French,25.90%,0.68,"2,172,579",52.90%,10.20%,47.10%,20.00%,"1,949,694",-0.803689,11.609444,Low
The Gambia,239,GM,59.80%,"11,300","1,000",38.54,220,Banjul,532,172.73,7.10%,GMD,5.22,48.40%,$1.18 ,1763819048,98.00%,2.70%,39,Serekunda,61.7,597,0.13,English,20.30%,0.1,"2,347,706",59.40%,9.40%,48.40%,9.06%,"1,453,958",13.443182,-15.310139,Low
Georgia,57,GE,34.50%,"69,700","26,000",13.47,995,Tbilisi,"10,128",133.61,4.90%,GEL,2.06,40.60%,$0.76 ,17743195770,98.60%,63.90%,8.7,Tbilisi,73.6,25,0.05,Georgian,57.30%,7.12,"3,720,382",68.30%,21.70%,9.90%,14.40%,"2,196,476",42.315407,43.356892,Low
Germany,240,DE,47.70%,"357,022","180,000",9.5,49,Berlin,"727,973",112.85,1.40%,EUR,1.56,32.70%,$1.39 ,3.84563E+12,104.00%,70.20%,3.1,Berlin,80.9,7,9.99,German,12.50%,4.25,"83,132,799",60.80%,11.50%,48.80%,3.04%,"64,324,835",51.165691,10.451526,Low
Ghana,137,GH,69.00%,"238,533","16,000",29.41,233,Accra,"16,670",268.36,7.20%,GHS,3.87,41.20%,$0.92 ,66983634224,104.80%,15.70%,34.9,Accra,63.8,308,0.27,English,36.10%,0.14,"30,792,608",67.80%,12.60%,55.40%,4.33%,"17,249,054",7.946527,-1.023194,Low
Greece,81,GR,47.60%,"131,957","146,000",8.1,30,Athens,"62,434",101.87,0.20%,EUR,1.35,31.70%,$1.54 ,2.09853E+11,99.60%,136.60%,3.6,Macedonia,81.3,3,4.46,Greek,35.50%,5.48,"10,716,322",51.80%,26.20%,51.90%,17.24%,"8,507,474",39.074208,21.824312,Low
Guatemala,167,GT,36.00%,"108,889","43,000",24.56,502,Guatemala City,"16,777",142.92,3.70%,GTQ,2.87,32.70%,$0.79 ,76710385880,101.90%,21.80%,22.1,Guatemala City,74.1,95,1.6,Spanish,55.80%,0.35,"16,604,026",62.30%,10.60%,35.20%,2.46%,"8,540,945",15.783471,-90.230759,Low
Guinea-Bissau,70,GW,58.00%,"36,125","4,000",35.13,245,Bissau,293,111.65,1.40%,XOF,4.48,69.80%,,1340389411,118.70%,2.60%,54,Bissau,58,667,0.16,Portuguese,37.20%,0.13,"1,920,922",72.00%,10.30%,45.50%,2.47%,"840,922",11.803749,-15.180413,Medium
Guyana,4,GY,8.60%,"214,969","3,000",19.97,592,"Georgetown, Guyana","2,384",116.19,2.10%,GYD,2.46,83.90%,$0.90 ,4280443645,97.80%,11.60%,25.1,"Georgetown, Guyana",69.8,169,0.98,English,40.50%,0.8,"782,766",56.20%,,30.60%,11.85%,"208,912",4.860416,-58.93018,Low
Haiti,414,HT,66.80%,"27,750",0,24.35,509,Port-au-Prince,"2,978",179.29,12.50%,HTG,2.94,3.50%,$0.81 ,8498981821,113.60%,1.10%,49.5,Port-au-Prince,63.7,480,0.25,French,36.30%,0.23,"11,263,077",67.20%,,42.70%,13.78%,"6,328,948",18.971187,-72.285215,Low
Honduras,89,HN,28.90%,"112,090","23,000",21.6,504,Tegucigalpa,"9,813",150.34,4.40%,HNL,2.46,40.00%,$0.98 ,25095395475,91.50%,26.20%,15.1,Tegucigalpa,75.1,65,1.01,Spanish,49.10%,0.31,"9,746,117",68.80%,17.30%,39.10%,5.39%,"5,626,433",15.199999,-86.241905,Low
Hungary,107,HU,58.40%,"93,028","40,000",9.6,36,Budapest,"45,537",121.64,3.30%,HUF,1.54,22.90%,$1.18 ,1.60967E+11,100.80%,48.50%,3.6,Budapest,75.8,12,2.62,Hungarian,29.00%,3.41,"9,769,949",56.50%,23.00%,37.90%,3.40%,"6,999,582",47.162494,19.503304,Low
India,464,IN,60.40%,"3,287,263","3,031,000",17.86,91,New Delhi,"2,407,672",180.44,7.70%,INR,2.22,23.80%,$0.97 ,2.611E+12,113.00%,28.10%,29.9,Kurebhar,69.4,145,0.3,Hindi,65.10%,0.86,"1,366,417,754",49.30%,11.20%,49.70%,5.36%,"471,031,528",20.593684,78.96288,Medium
Indonesia,151,ID,31.50%,"1,904,569","676,000",18.07,62,Jakarta,"563,325",151.18,3.00%,IDR,2.31,49.90%,$0.63 ,1.11919E+12,106.40%,36.30%,21.1,Kalimantan,71.5,177,0.48,Indonesian,48.30%,0.43,"270,203,917",67.50%,10.20%,30.10%,4.69%,"151,509,724",-0.789275,113.921327,Low
Iran,52,IR,28.20%,"1,648,195","563,000",18.78,98,Tehran,"661,710",550.93,39.90%,IRR,2.14,6.60%,$0.40 ,4.45345E+11,110.70%,68.10%,12.4,Tehran,76.5,16,1.58,Persian,39.70%,1.58,"82,913,906",44.70%,7.40%,44.70%,11.38%,"62,509,623",32.427908,53.688046,Low
Iraq,93,IQ,21.40%,"438,317","209,000",29.08,964,Baghdad,"190,061",119.86,0.40%,IQD,3.67,1.90%,$0.61 ,2.34094E+11,108.70%,16.20%,22.5,Baghdad,70.5,79,1.24,Arabic,76.50%,0.71,"39,309,783",43.00%,2.00%,30.80%,12.82%,"27,783,368",33.223191,43.679291,Low
Republic of Ireland,72,,64.50%,"70,273","9,000",12.5,353,Dublin,"37,711",106.58,0.90%,EUR,1.75,11.00%,$1.37 ,3.88699E+11,100.90%,77.80%,3.1,Connacht,82.3,5,10.79,Irish,15.20%,3.31,"5,007,069",62.10%,18.30%,26.10%,4.93%,"3,133,123",53.41291,-8.24389,Medium
Israel,400,IL,24.60%,"20,770","178,000",20.8,972,Jerusalem,"65,166",108.15,0.80%,ILS,3.09,7.70%,$1.57 ,3.95099E+11,104.90%,63.40%,3,Jerusalem,82.8,3,7.58,Hebrew,24.40%,4.62,"9,053,300",64.00%,23.10%,25.30%,3.86%,"8,374,393",31.046051,34.851612,Medium
Jamaica,273,JM,41.00%,"10,991","4,000",16.1,1876,"Kingston, Jamaica","8,225",162.47,3.90%,JMD,1.98,30.90%,$1.11 ,16458071068,91.00%,27.10%,12.4,"Kingston, Jamaica",74.4,80,1.33,Jamaican English,23.70%,1.31,"2,948,279",66.00%,26.80%,35.10%,8.00%,"1,650,594",18.109581,-77.297508,High
Japan,347,JP,12.30%,"377,944","261,000",7.4,81,Tokyo,"1,135,886",105.48,0.50%,,1.42,68.50%,$1.06 ,5.08177E+12,98.80%,63.20%,1.8,Tokyo,84.2,5,6.77,None,13.10%,2.41,"126,226,568",61.70%,11.90%,46.70%,2.29%,"115,782,416",36.204824,138.252924,Low
Jordan,115,JO,12.00%,"89,342","116,000",21.98,962,Amman,"25,108",125.6,0.80%,JOD,2.76,1.10%,$1.10 ,43743661972,81.50%,34.40%,13.9,Amman,74.4,46,1.49,Arabic,25.10%,2.32,"10,101,694",39.30%,15.10%,28.60%,14.72%,"9,213,048",30.585164,36.238414,Low
Kazakhstan,7,KZ,80.40%,"2,724,900","71,000",21.77,7,Astana,"247,207",182.75,5.20%,KZT,2.84,1.20%,$0.42 ,1.80162E+11,104.40%,61.70%,8.8,Almaty,73.2,10,0.41,Russian,38.80%,3.25,"18,513,930",68.80%,11.70%,28.40%,4.59%,"10,652,915",48.019573,66.923684,Medium
Kenya,94,KE,48.50%,"580,367","29,000",28.75,254,Nairobi,"17,910",180.51,4.70%,KES,3.49,7.80%,$0.95 ,95503088538,103.20%,11.50%,30.6,Nairobi,66.3,342,0.25,Swahili,33.40%,0.16,"52,573,973",74.70%,15.10%,37.20%,2.64%,"14,461,523",-0.023559,37.906193,Low
Kuwait,240,KW,8.40%,"17,818","25,000",13.94,965,Kuwait City,"98,734",126.6,1.10%,KWD,2.08,0.40%,$0.35 ,1.34761E+11,92.40%,54.40%,6.7,Kuwait City,75.4,12,0.95,Modern Standard Arabic,14.40%,2.58,"4,207,083",73.50%,1.40%,13.00%,2.18%,"4,207,083",29.31166,47.481766,Low
Kyrgyzstan,34,KG,55.00%,"199,951","21,000",27.1,996,Bishkek,"9,787",155.68,1.10%,KGS,3.3,3.30%,$0.56 ,8454619608,107.60%,41.30%,16.9,Bishkek,71.4,60,0.09,Russian,48.20%,1.88,"6,456,900",59.80%,18.00%,29.00%,6.33%,"2,362,644",41.20438,74.766098,Low
Laos,32,LA,10.30%,"236,800","129,000",23.55,856,Vientiane,"17,763",135.87,3.30%,LAK,2.67,82.10%,$0.93 ,18173839128,102.40%,15.00%,37.6,Vientiane,67.6,185,0.83,Lao,45.40%,0.37,"7,169,455",78.50%,12.90%,24.10%,0.63%,"2,555,552",19.85627,102.495496,Low
Latvia,30,LV,31.10%,"64,589","6,000",10,371,Riga,"7,004",116.86,2.80%,EUR,1.6,54.00%,$1.16 ,34117202555,99.40%,88.10%,3.3,Riga,74.7,19,2.8,Latvian,41.60%,3.19,"1,912,789",61.40%,22.90%,38.10%,6.52%,"1,304,943",56.879635,24.603189,Low
Lebanon,667,LB,64.30%,"10,400","80,000",17.55,961,Beirut,"24,796",130.02,3.00%,LBP,2.09,13.40%,$0.74 ,53367042272,95.10%,26.30%,6.4,"Tripoli, Lebanon",78.9,29,2.15,Arabic,32.10%,2.1,"6,855,713",47.00%,15.30%,32.20%,6.23%,"6,084,994",33.854721,35.862285,Medium
Lesotho,71,LS,77.60%,"30,355","2,000",26.81,266,Maseru,"2,512",155.86,5.20%,,3.14,1.60%,$0.70 ,2460072444,120.90%,10.20%,65.7,Maseru,53.7,544,0.41,English,16.90%,0.07,"2,125,268",67.90%,31.60%,13.60%,23.41%,"607,508",-29.609988,28.233608,Medium
Liberia,53,LR,28.00%,"111,369","2,000",33.04,231,Monrovia,"1,386",223.13,23.60%,,4.32,43.10%,$0.80 ,3070518100,85.10%,11.90%,53.5,Monrovia,63.7,661,0.17,English,19.60%,0.04,"4,937,374",76.30%,12.90%,46.20%,2.81%,"2,548,426",6.428055,-9.429499,Low
Libya,4,LY,8.70%,"1,759,540",0,18.83,218,,"50,564",125.71,2.60%,LYD,2.24,0.10%,$0.11 ,52076250948,109.00%,60.50%,10.2,,72.7,72,1.88,Arabic,36.70%,2.09,"6,777,452",49.70%,,32.60%,18.56%,"5,448,597",26.3351,17.228331,Low
Lithuania,43,LT,47.20%,"65,300","34,000",10,370,Vilnius,"12,963",118.38,2.30%,EUR,1.63,34.80%,$1.16 ,54219315600,103.90%,72.40%,3.3,Vilnius,75.7,8,2.41,Lithuanian,32.10%,6.35,"2,786,844",61.60%,16.90%,42.60%,6.35%,"1,891,013",55.169438,23.881275,Low
Luxembourg,242,LU,53.70%,"2,586","2,000",10.3,352,Luxembourg City,"8,988",115.09,1.70%,EUR,1.37,35.70%,$1.19 ,71104919108,102.30%,19.20%,1.9,Luxembourg City,82.1,5,13.05,Luxembourgish,10.60%,3.01,"645,397",59.30%,26.50%,20.40%,5.36%,"565,488",49.815273,6.129583,Medium
Madagascar,48,MG,71.20%,"587,041","22,000",32.66,261,Antananarivo,"3,905",184.33,5.60%,MGA,4.08,21.40%,$1.11 ,14083906357,142.50%,5.40%,38.2,Antananarivo,66.7,335,0.21,French,21.70%,0.18,"26,969,307",86.10%,10.20%,38.30%,1.76%,"10,210,849",-18.766947,46.869107,High
Malawi,203,MW,61.40%,"118,484","15,000",34.12,265,Lilongwe,"1,298",418.34,9.40%,MWK,4.21,33.20%,$1.15 ,7666704427,142.50%,0.80%,35.3,Lilongwe,63.8,349,0.12,English,11.00%,0.04,"18,628,747",76.70%,17.30%,34.50%,5.65%,"3,199,301",-13.254308,34.301525,Low
Malaysia,99,MY,26.30%,"329,847","136,000",16.75,60,Kuala Lumpur,"248,289",121.46,0.70%,MYR,2,67.60%,$0.45 ,3.64702E+11,105.30%,45.10%,6.7,Johor Bahru,76,29,0.93,Malaysian language,36.70%,1.51,"32,447,385",64.30%,12.00%,38.70%,3.32%,"24,475,766",4.210484,101.975766,High
Mali,17,ML,33.80%,"1,240,192","18,000",41.54,223,Bamako,"3,179",108.73,-1.70%,XOF,5.88,3.80%,$1.12 ,17510141171,75.60%,4.50%,62,Bamako,58.9,562,0.23,French,46.30%,0.13,"19,658,031",70.80%,11.60%,54.50%,7.22%,"8,479,688",17.570692,-3.996166,Low
Malta,"1,380",MT,32.40%,316,"2,000",9.2,356,Valletta,"1,342",113.45,1.60%,EUR,1.23,1.10%,$1.36 ,14786156563,105.00%,54.30%,6.1,Birkirkara,82.3,6,5.07,Maltese,37.10%,2.86,"502,653",56.50%,26.20%,44.00%,3.47%,"475,902",35.937496,14.375416,Medium
Marshall Islands,329,MH,63.90%,181,,29.03,692,Majuro,143,,,USD,4.05,70.20%,$1.44 ,221278000,84.70%,23.70%,27.4,Majuro,65.2,,2,Marshallese,10.00%,0.42,"58,791",,17.80%,65.90%,,"45,514",7.131474,171.184478,Low
Mauritania,5,MR,38.50%,"1,030,700","21,000",33.69,222,Nouakchott,"2,739",135.02,2.30%,MRU,4.56,0.20%,$1.13 ,7593752450,99.90%,5.00%,51.5,Nouakchott,64.7,766,0.53,Arabic,48.20%,0.19,"4,525,696",45.90%,,67.00%,9.55%,"2,466,821",21.00789,-10.940835,Low
Mauritius,626,MU,42.40%,"2,040","3,000",10.2,230,Port Louis,"4,349",129.91,0.40%,MUR,1.41,19.00%,$1.12 ,14180444557,101.10%,40.60%,13.6,Port Louis,74.4,61,0.38,French,50.70%,2.53,"1,265,711",58.30%,19.10%,22.20%,6.67%,"515,980",-20.348404,57.552152,Low
Mexico,66,MX,54.60%,"1,964,375","336,000",17.6,52,Mexico City,"486,406",141.54,3.60%,MXN,2.13,33.90%,$0.73 ,1.25829E+12,105.80%,40.20%,11,Mexico City,75,33,0.49,None,41.40%,2.38,"126,014,024",60.70%,13.10%,55.10%,3.42%,"102,626,859",23.634501,-102.552784,Low
Moldova,123,MD,74.20%,"33,851","7,000",10.1,373,Chiï¿½ï¿½ï¿½ï¿½,"5,115",166.2,4.80%,MDL,1.26,12.60%,$0.80 ,11955435457,90.60%,39.80%,13.6,Chiï¿½ï¿½ï¿½ï¿½,71.8,19,0.31,Romanian,46.20%,3.21,"2,657,637",43.10%,17.70%,38.70%,5.47%,"1,135,502",47.411631,28.369885,Low
Mongolia,2,MN,71.50%,"1,564,116","18,000",24.13,976,Ulaanbaatar,"25,368",195.76,7.30%,MNT,2.9,8.00%,$0.72 ,13852850259,104.00%,65.60%,14,Ulaanbaatar,69.7,45,0.65,Mongolian,39.30%,2.86,"3,225,167",59.70%,16.80%,25.70%,6.01%,"2,210,626",46.862496,103.846656,Low
Montenegro,47,ME,19.00%,"13,812","12,000",11.73,382,Podgorica,"2,017",116.32,2.60%,EUR,1.75,61.50%,$1.16 ,5494736901,100.00%,56.10%,2.3,Podgorica,76.8,6,1.23,Montenegrin language,31.80%,2.76,"622,137",54.40%,,22.20%,14.88%,"417,765",42.708678,19.37439,Low
Morocco,83,MA,68.50%,"446,550","246,000",18.94,212,Rabat,"61,276",111.07,0.20%,MAD,2.42,12.60%,$0.99 ,1.18725E+11,113.90%,35.90%,19.2,Casablanca,76.5,70,1.6,Arabic,53.10%,0.73,"36,910,560",45.30%,21.90%,45.80%,9.02%,"22,975,026",31.791702,-7.09262,Low
Mozambique,40,MZ,63.50%,"799,380","11,000",37.52,258,Maputo,"7,943",182.31,2.80%,MZN,4.85,48.00%,$0.65 ,14934159926,112.60%,7.30%,54,Maputo,60.2,289,0.27,Portuguese,6.80%,0.08,"30,366,036",78.10%,0.00%,36.10%,3.24%,"11,092,106",-18.665695,35.529562,Low
Myanmar,83,MM,19.50%,"676,578","513,000",17.55,95,Naypyidaw,"25,280",168.18,8.80%,MMK,2.15,43.60%,$0.54 ,76085852617,112.30%,18.80%,36.8,Yangon,66.9,250,0.39,Burmese,73.90%,0.68,"54,045,420",61.70%,5.40%,31.20%,1.58%,"16,674,093",21.916221,95.955974,Medium
Nepal,203,NP,28.70%,"147,181","112,000",19.89,977,Kathmandu,"9,105",188.73,5.60%,NPR,1.92,25.40%,$0.91 ,30641380604,142.10%,12.40%,26.7,Kathmandu,70.5,186,0.36,Nepali,60.40%,0.75,"28,608,710",83.80%,20.70%,41.80%,1.41%,"5,765,513",28.394857,84.124008,High
Netherlands,508,NL,53.30%,"41,543","41,000",9.7,31,Amsterdam,"170,780",115.91,2.60%,,1.59,11.20%,$1.68 ,9.0907E+11,104.20%,85.00%,3.3,Amsterdam,81.8,5,10.29,Dutch,12.30%,3.61,"17,332,850",63.60%,23.00%,41.20%,3.20%,"15,924,729",52.132633,5.291266,Low
New Zealand,18,NZ,40.50%,"268,838","9,000",11.98,64,Wellington,"34,382",114.24,1.60%,NZD,1.71,38.60%,$1.40 ,2.06929E+11,100.00%,82.00%,4.7,Auckland,81.9,9,11.49,English,12.60%,3.59,"4,841,000",69.90%,29.00%,34.60%,4.07%,"4,258,860",-40.900557,174.885971,Low
Nicaragua,55,NI,42.10%,"130,370","12,000",20.64,505,Managua,"5,592",162.74,5.40%,NIO,2.4,25.90%,$0.91 ,12520915291,120.60%,17.40%,15.7,Managua,74.3,98,0.54,Spanish,36.00%,0.98,"6,545,502",66.40%,15.60%,60.60%,6.84%,"3,846,137",12.865416,-85.207229,Low
Niger,19,NE,36.10%,"1,267,000","10,000",46.08,227,Niamey,"2,017",109.32,-2.50%,XOF,6.91,0.90%,$0.88 ,12928145120,74.70%,4.40%,48,Niamey,62,509,0.29,French,52.30%,0.04,"23,310,715",72.00%,11.80%,47.20%,0.47%,"3,850,231",17.607789,8.081666,Low
Nigeria,226,NG,77.70%,"923,768","215,000",37.91,234,Abuja,"120,369",267.51,11.40%,NGN,5.39,7.20%,$0.46 ,4.4812E+11,84.70%,10.20%,75.7,Lagos,54.3,917,0.54,English,72.20%,0.38,"200,963,599",52.90%,1.50%,34.80%,8.10%,"102,806,948",9.081999,8.675277,Low
Oman,16,OM,4.60%,"309,500","47,000",19.19,968,Muscat,"63,457",113.53,0.10%,OMR,2.89,0.00%,$0.45 ,76983094928,103.40%,38.00%,9.8,Seeb,77.6,19,4.33,Arabic,6.40%,2,"5,266,535",72.40%,2.50%,27.40%,2.67%,"4,250,777",21.4735329,55.975413,Medium
Pakistan,287,PK,47.80%,"796,095","936,000",28.25,92,Islamabad,"201,150",182.32,10.60%,PKR,3.51,1.90%,$0.79 ,3.044E+11,94.30%,9.00%,57.2,Karachi,67.1,140,0.69,Urdu,66.50%,0.98,"216,565,318",52.60%,9.20%,33.90%,4.45%,"79,927,762",30.375321,69.345116,Medium
Palau,39,PW,10.90%,459,,14,680,Ngerulmud,224,118.17,1.30%,USD,2.21,87.60%,,283994900,112.60%,54.70%,16.6,Koror,69.1,,3,English,21.80%,1.18,"18,233",,21.30%,76.60%,,"14,491",7.51498,134.58252,Low
Panama,58,PA,30.40%,"75,420","26,000",18.98,507,Panama City,"10,715",122.07,-0.40%,,2.46,61.90%,$0.74 ,66800800000,94.40%,47.80%,13.1,Panama City,78.3,52,1.53,Spanish,30.50%,1.57,"4,246,439",66.60%,,37.20%,3.90%,"2,890,084",8.537981,-80.782127,Medium
Papua New Guinea,20,PG,2.60%,"462,840","4,000",27.07,675,Port Moresby,"7,536",155.99,3.60%,PGK,3.56,74.10%,$1.36 ,24969611435,108.50%,1.80%,38,Port Moresby,64.3,145,1.16,Tok Pisin,5.80%,0.07,"8,776,109",47.20%,13.60%,37.10%,2.46%,"1,162,834",-6.314993,143.95555,Low
Paraguay,18,PY,55.10%,"406,752","27,000",20.57,595,Asunciï¿½ï¿½,"7,407",143.82,2.80%,PYG,2.43,37.70%,$1.04 ,38145288940,104.40%,34.60%,17.2,Ciudad del Este,74.1,129,1.55,Spanish,36.50%,1.35,"7,044,636",72.10%,10.00%,35.00%,4.81%,"4,359,150",-23.442503,-58.443832,Low
Peru,26,PE,18.50%,"1,285,216","158,000",17.95,51,Lima,"57,414",129.78,2.10%,PEN,2.25,57.70%,$0.99 ,2.26848E+11,106.90%,70.70%,11.1,Lima,76.5,88,1.28,Spanish,30.90%,1.27,"32,510,453",77.60%,14.30%,36.80%,3.31%,"25,390,339",-9.189967,-75.015152,Low
Philippines,368,PH,41.70%,"300,000","153,000",20.55,63,Manila,"122,287",129.61,2.50%,PHP,2.58,27.80%,$0.86 ,3.76796E+11,107.50%,35.50%,22.5,Manila,71.1,121,1.12,English,53.50%,0.6,"108,116,615",59.60%,14.00%,43.10%,2.15%,"50,975,903",12.879721,121.774017,Medium
Poland,124,PL,46.90%,"312,685","191,000",10.2,48,Warsaw,"299,037",114.11,2.20%,PLN,1.46,30.90%,$1.07 ,5.92164E+11,100.00%,67.80%,3.8,Warsaw,77.6,2,2.93,Polish,23.20%,2.38,"37,970,874",56.70%,17.40%,40.80%,3.47%,"22,796,574",51.919438,19.145136,Medium
Portugal,111,PT,39.50%,"92,212","52,000",8.5,351,Lisbon,"48,742",110.62,0.30%,EUR,1.38,34.60%,$1.54 ,2.37686E+11,106.20%,63.90%,3.1,Lisbon,81.3,8,3.78,Portuguese,27.70%,5.12,"10,269,417",58.80%,22.80%,39.80%,6.33%,"6,753,579",39.399872,-8.224454,Low
Romania,84,RO,58.80%,"238,391","126,000",9.6,40,Bucharest,"69,259",123.78,3.80%,RON,1.71,30.10%,$1.16 ,2.50077E+11,85.20%,49.40%,6.1,Bucharest,75.4,19,2.25,Romanian,21.30%,2.98,"19,356,544",54.70%,14.60%,20.00%,3.98%,"10,468,793",45.943161,24.96676,Low
Russia,9,RU,13.30%,"17,098,240","1,454,000",11.5,7,Moscow,"1,732,027",180.75,4.50%,RUB,1.57,49.80%,$0.59 ,1.69988E+12,102.60%,81.90%,6.1,Moscow,72.7,17,0.53,Russian,36.40%,4.01,"144,373,535",61.80%,11.40%,46.20%,4.59%,"107,683,889",61.52401,105.318756,Low
Saint Kitts and Nevis,205,KN,23.10%,261,,12.6,1,Basseterre,238,104.57,-1.00%,XCD,2.11,42.30%,,1050992593,108.70%,86.70%,9.8,Basseterre,71.3,,3.33,English,56.60%,2.52,"52,823",,18.50%,49.70%,,"16,269",17.357822,-62.782998,Low
Saint Vincent and the Grenadines,284,VC,25.60%,389,,14.24,1,Kingstown,220,109.67,2.30%,XCD,1.89,69.20%,,825385185,113.40%,23.70%,14.8,Calliaqua,72.4,68,1.16,English,21.40%,0.66,"100,455",65.90%,25.40%,37.00%,18.88%,"58,185",12.984305,-61.287228,Low
Samoa,70,WS,12.40%,"2,831",,24.38,685,Apia,246,117.56,1.00%,WST,3.88,60.40%,$0.91 ,850655017,110.50%,7.60%,13.6,Apia,73.2,43,0.78,Samoan,11.50%,0.34,"202,506",43.70%,25.50%,19.30%,8.36%,"35,588",-13.759029,-172.104629,Medium
Saudi Arabia,16,SA,80.80%,"2,149,690","252,000",17.8,966,Riyadh,"563,449",118.4,-1.20%,SAR,2.32,0.50%,$0.24 ,7.92967E+11,99.80%,68.00%,6,Riyadh,75,17,3.85,Arabic,15.00%,2.61,"34,268,528",55.90%,8.90%,15.70%,5.93%,"28,807,838",23.885942,45.079162,Low
Senegal,87,SN,46.10%,"196,722","19,000",34.52,221,Dakar,"10,902",109.25,1.80%,XOF,4.63,42.80%,$1.14 ,23578084052,81.00%,12.80%,31.8,Pikine,67.7,315,0.31,French,44.20%,0.07,"16,296,364",45.70%,16.30%,44.80%,6.60%,"7,765,706",14.497401,-14.452362,Medium
Serbia,100,RS,39.30%,"77,474","32,000",9.2,381,Belgrade,"45,221",144,1.80%,RSD,1.49,31.10%,$1.16 ,51409167351,100.30%,67.20%,4.8,Belgrade,75.5,12,1.57,Serbian,40.60%,3.11,"6,944,975",54.90%,18.60%,36.60%,12.69%,"3,907,243",44.016521,21.005859,Low
Seychelles,214,SC,3.40%,455,0,17.1,248,"Victoria, Seychelles",605,129.96,1.80%,SCR,2.41,88.40%,,1698843063,100.40%,17.10%,12.4,"Victoria, Seychelles",72.8,53,2,French,2.50%,0.95,"97,625",,34.10%,30.10%,,"55,762",-4.679574,55.491977,Low
Sierra Leone,111,SL,54.70%,"71,740","9,000",33.41,232,Freetown,"1,093",234.16,14.80%,SLL,4.26,43.10%,$1.08 ,3941474311,112.80%,2.00%,78.5,Freetown,54.3,1120,0.57,English,38.20%,0.03,"7,813,215",57.90%,8.60%,30.70%,4.43%,"3,319,366",8.460555,-11.779889,High
Slovakia,114,SK,39.20%,"49,035","16,000",10.6,421,Bratislava,"32,424",115.34,2.70%,EUR,1.52,40.40%,$1.32 ,1.05422E+11,98.70%,46.60%,4.6,Bratislava,77.2,5,3.11,Slovak,18.40%,3.42,"5,454,073",59.50%,18.70%,49.70%,5.56%,"2,930,419",48.669026,19.699024,Low
Slovenia,103,SI,30.70%,"20,273","7,000",9.4,386,Ljubljana,"12,633",111.05,1.60%,EUR,1.6,62.00%,$1.32 ,53742159517,100.40%,78.60%,1.7,Ljubljana,81,7,5.25,Slovene language,12.50%,3.09,"2,087,946",58.40%,18.60%,31.00%,4.20%,"1,144,654",46.151241,14.995463,Low
Solomon Islands,25,SB,3.90%,"28,896",,32.44,677,Honiara,169,133.06,1.60%,SBD,4.4,77.90%,,1425074226,106.20%,,17.1,Honiara,72.8,104,0.4,English,3.30%,0.19,"669,823",83.80%,29.50%,32.00%,0.58%,"162,164",-9.64571,160.156194,Low
South Korea,527,KR,17.40%,"99,720","634,000",6.4,82,Seoul,"620,302",115.16,0.40%,KRW,0.98,63.40%,$1.22 ,2.029E+12,98.10%,94.30%,2.7,Seoul,82.6,11,6.49,Korean,36.80%,2.36,"51,709,098",63.00%,15.60%,33.20%,4.15%,"42,106,719",35.907757,127.766922,Low
Spain,94,ES,52.60%,"505,370","196,000",7.9,34,Madrid,"244,002",110.96,0.70%,EUR,1.26,36.90%,$1.26 ,1.39412E+12,102.70%,88.90%,2.5,Madrid,83.3,4,5.6,Spanish,24.20%,3.87,"47,076,781",57.50%,14.20%,47.00%,13.96%,"37,927,409",40.463667,-3.74922,Low
Sri Lanka,341,LK,43.70%,"65,610","317,000",15.83,94,Colombo,"23,362",155.53,3.50%,LKR,2.2,32.90%,$0.88 ,84008783756,100.20%,19.60%,6.4,Colombo,76.8,36,0.35,Tamil,38.40%,1,"21,803,000",53.90%,11.90%,55.20%,4.20%,"4,052,088",7.873054,80.771797,Low
Sudan,25,SD,28.70%,"1,861,484","124,000",32.18,249,Khartoum,"20,000","1,344.19",51.00%,SDG,4.41,8.10%,$0.95 ,18902284476,76.80%,16.90%,42.1,Omdurman,65.1,295,0.41,Arabic,63.20%,0.26,"42,813,238",48.40%,8.00%,45.40%,16.53%,"14,957,233",12.862807,30.217636,Medium
Syria,95,SY,75.80%,"185,180","239,000",23.69,963,Damascus,"28,830",143.2,36.70%,SYP,2.81,2.70%,$0.83 ,40405006007,81.70%,40.10%,14,Damascus,71.8,31,1.02,Arabic,53.70%,1.22,"17,070,135",44.10%,14.20%,42.70%,8.37%,"9,358,019",34.802075,38.996815,Low
Tajikistan,68,TJ,34.10%,"144,100","17,000",30.76,992,Dushanbe,"5,310",148.57,6.00%,TJS,3.59,3.00%,$0.71 ,8116626794,100.90%,31.30%,30.4,Dushanbe,70.9,17,0.23,Persian,63.10%,1.7,"9,321,018",42.00%,9.80%,67.30%,11.02%,"2,545,477",38.861034,71.276093,Medium
Tanzania,67,TZ,44.80%,"947,300","28,000",36.7,255,Dodoma,"11,973",187.43,3.50%,TZS,4.89,51.60%,$0.87 ,63177068175,94.20%,4.00%,37.6,Dar es Salaam,65,524,0.09,Swahili,26.10%,0.01,"58,005,463",83.40%,11.50%,43.80%,1.98%,"20,011,885",-6.369028,34.888822,Medium
Thailand,137,TH,43.30%,"513,120","455,000",10.34,66,Bangkok,"283,763",113.27,0.70%,THB,1.53,32.20%,$0.71 ,5.4365E+11,99.80%,49.30%,7.8,Bangkok,76.9,37,1.06,Thai,11.80%,0.81,"69,625,582",67.30%,14.90%,29.50%,0.75%,"35,294,600",15.870032,100.992541,Low
East Timor,89,TL,25.60%,"14,874","2,000",29.42,670,Dili,495,145.38,2.60%,USD,4.02,45.40%,$1.10 ,1673540300,115.30%,17.80%,39.3,Dili,69.3,142,0.6,Portuguese,10.20%,0.72,"3,500,000",67.30%,25.00%,17.30%,4.55%,"400,182",-8.874217,125.727539,Medium
Togo,152,TG,70.20%,"56,785","10,000",33.11,228,Lomï¿½,"3,000",113.3,0.70%,XOF,4.32,3.10%,$0.71 ,5459979417,123.80%,14.50%,47.4,Lomï¿½,60.8,396,0.34,French,51.00%,0.08,"8,082,366",77.60%,16.90%,48.20%,2.04%,"3,414,638",8.619543,0.824782,Medium
Trinidad and Tobago,273,TT,10.50%,"5,128","4,000",12.94,1,Port of Spain,"43,868",141.75,1.00%,TTD,1.73,46.00%,$0.54 ,24100202834,106.20%,12.00%,16.4,Chaguanas,73.4,67,2.25,English,37.30%,4.17,"1,394,973",60.00%,19.50%,40.50%,2.69%,"741,944",10.691803,-61.222503,Low
Tunisia,76,TN,64.80%,"163,610","48,000",17.56,216,Tunis,"29,937",155.33,6.70%,TND,2.2,6.80%,$0.73 ,38797709924,115.40%,31.70%,14.6,Tunis,76.5,43,0.47,Arabic,39.80%,1.3,"11,694,719",46.10%,21.10%,60.70%,16.02%,"8,099,061",33.886917,9.537499,Low
Turkey,110,TR,49.80%,"783,562","512,000",16.03,90,Ankara,"372,725",234.44,15.20%,TRY,2.07,15.40%,$1.42 ,7.54412E+11,93.20%,23.90%,9.1,Istanbul,77.4,17,3.45,Turkish,16.90%,1.85,"83,429,615",52.80%,17.90%,42.30%,13.49%,"63,097,818",38.963745,35.243322,Low
Turkmenistan,13,TM,72.00%,"488,100","42,000",23.83,993,Ashgabat,"70,630",,,TMT,2.79,8.80%,$0.29 ,40761142857,88.40%,8.00%,39.3,Ashgabat,68.1,7,0.88,Turkmen,71.10%,2.22,"5,942,089",64.50%,,,3.91%,"3,092,738",38.969719,59.556278,Medium
Uganda,229,UG,71.90%,"241,038","46,000",38.14,256,Kampala,"5,680",173.87,2.90%,UGX,4.96,9.70%,$0.94 ,34387229486,102.70%,4.80%,33.8,Buganda,63,375,0.01,Swahili,40.50%,0.17,"44,269,594",70.30%,11.70%,33.70%,1.84%,"10,784,516",1.373333,32.290275,Medium
Ukraine,75,UA,71.70%,"603,550","297,000",8.7,380,Kyiv,"202,250",281.66,7.90%,UAH,1.3,16.70%,$0.83 ,1.53781E+11,99.00%,82.70%,7.5,Kyiv,71.6,19,0.84,Ukrainian,47.80%,2.99,"44,385,155",54.20%,20.10%,45.20%,8.88%,"30,835,699",48.379433,31.16558,Low
United Kingdom,281,GB,71.70%,"243,610","148,000",11,44,London,"379,025",119.62,1.70%,GBP,1.68,13.10%,$1.46 ,2.82711E+12,101.20%,60.00%,3.6,London,81.3,7,10.13,English,14.80%,2.81,"66,834,405",62.80%,25.50%,30.60%,3.85%,"55,908,316",55.378051,-3.435973,Low
United States,36,US,44.40%,"9,833,517","1,359,000",11.6,1,"Washington, D.C.","5,006,302",117.24,7.50%,USD,1.73,33.90%,$0.71 ,2.14277E+13,101.80%,88.20%,5.6,New York City,78.5,19,7.25,None,11.10%,2.61,"328,239,523",62.00%,9.60%,36.60%,14.70%,"270,663,028",37.09024,-95.712891,Low
Uruguay,20,UY,82.60%,"176,215","22,000",13.86,598,Montevideo,"6,766",202.92,7.90%,UYU,1.97,10.70%,$1.50 ,56045912952,108.50%,63.10%,6.4,Montevideo,77.8,17,1.66,Spanish,16.20%,5.05,"3,461,734",64.00%,20.10%,41.80%,8.73%,"3,303,394",-32.522779,-55.765835,Low
Uzbekistan,79,UZ,62.90%,"447,400","68,000",23.3,998,Tashkent,"91,811",,,UZS,2.42,7.50%,$1.03 ,57921286440,104.20%,10.10%,19.1,Tashkent,71.6,29,0.24,Uzbek,42.70%,2.37,"33,580,650",65.10%,14.80%,31.60%,5.92%,"16,935,729",41.377491,64.585262,Low
Vanuatu,25,VU,15.30%,"12,189",,29.6,678,Port Vila,147,117.13,2.80%,VUV,3.78,36.10%,$1.31 ,917058851,109.30%,4.70%,22.3,Port Vila,70.3,72,1.56,French,8.90%,0.17,"299,882",69.90%,17.80%,8.50%,4.39%,"76,152",-15.376706,166.959158,Low
Venezuela,32,VE,24.50%,"912,050","343,000",17.88,58,Caracas,"164,175","2,740.27",254.90%,VED,2.27,52.70%,$0.00 ,4.82359E+11,97.20%,79.30%,21.4,Caracas,72.1,125,0.01,Spanish,45.80%,1.92,"28,515,829",59.70%,,73.30%,8.80%,"25,162,368",6.42375,-66.58973,Low
Vietnam,314,VN,39.30%,"331,210","522,000",16.75,84,Hanoi,"192,668",163.52,2.80%,VND,2.05,48.10%,$0.80 ,2.61921E+11,110.60%,28.50%,16.5,Ho Chi Minh City,75.3,43,0.73,Vietnamese,43.50%,0.82,"96,462,106",77.40%,19.10%,37.60%,2.01%,"35,332,140",14.058324,108.277199,Low
Zambia,25,ZM,32.10%,"752,618","16,000",36.19,260,Lusaka,"5,141",212.31,9.20%,ZMW,4.63,65.20%,$1.40 ,23064722446,98.70%,4.10%,40.4,Lusaka,63.5,213,0.24,English,27.50%,1.19,"17,861,030",74.60%,16.20%,15.60%,11.43%,"7,871,713",-13.133897,27.849332,Medium
